Model,ROC_AUC
Logistic Regression,0.9761243798307169
Random Forest,0.9829494719947631
XGBoost,0.9829844641852238
